base_pwsid,resolved_pwsid,system_name,display_name,county,monitoring_end_date,year,lead_90th_ppb,above_action_level,lines_replaced,inventory_year,inventory_lead,inventory_gpcl,inventory_unknown,total_to_identify_or_replace,inventory_complete_flag
MI0000030,MI0000030,ADDISON,ADDISON,LENAWEE,2023-12-31,2023,2.0,False,,2025.0,,,,,
MI0000030,MI0000030,ADDISON,ADDISON,LENAWEE,2023-12-31,2023,2.0,False,,2025.0,,,,,
MI0000160,MI0000160,"ALPENA, CITY OF","ALPENA, CITY OF",ALPENA,2022-12-31,2022,0.0,False,14.0,2025.0,,,,,
MI0000160,MI0000160,"ALPENA, CITY OF","ALPENA, CITY OF",ALPENA,2022-12-31,2022,0.0,False,14.0,2025.0,,,,,
MI0000220,MI0000220,ANN ARBOR,ANN ARBOR,WASHTENAW,2023-12-31,2023,2.0,False,103.0,2025.0,,,,,
MI0000220,MI0000220,ANN ARBOR,ANN ARBOR,WASHTENAW,2023-12-31,2023,2.0,False,103.0,2025.0,,,,,
MI0000242,MI0000242,ARTESIAN SPRINGS RV RESORT,ARTESIAN SPRINGS RV RESORT,EMMET,2024-06-30,2024,4.0,False,,2025.0,,,,,
MI0000242,MI0000242,ARTESIAN SPRINGS RV RESORT,ARTESIAN SPRINGS RV RESORT,EMMET,2024-06-30,2024,4.0,False,,2025.0,,,,,
MI0000280,MI0000280,"AU GRES, CITY OF","AU GRES, CITY OF",ARENAC,2023-12-31,2023,4.0,False,,2025.0,,,,,
MI0000280,MI0000280,"AU GRES, CITY OF","AU GRES, CITY OF",ARENAC,2023-12-31,2023,4.0,False,,2025.0,,,,,
MI0000290,MI0000290,AU SABLE TOWNSHIP,AU SABLE TOWNSHIP,IOSCO,2022-12-31,2022,2.0,False,,2025.0,,,,,
MI0000290,MI0000290,AU SABLE TOWNSHIP,AU SABLE TOWNSHIP,IOSCO,2022-12-31,2022,2.0,False,,2025.0,,,,,
MI0000380,MI0000380,BANGOR,BANGOR,VAN BUREN,2023-12-31,2023,0.0,False,,2025.0,,,,,
MI0000380,MI0000380,BANGOR,BANGOR,VAN BUREN,2023-12-31,2023,0.0,False,,2025.0,,,,,
MI0000520,MI0000520,BEAVERTON,BEAVERTON,GLADWIN,2024-12-31,2024,2.0,False,,2025.0,,,,,
MI0000520,MI0000520,BEAVERTON,BEAVERTON,GLADWIN,2024-12-31,2024,2.0,False,,2025.0,,,,,
MI0000796,MI0000796,GENERAL WHITE APARTMENTS,GENERAL WHITE APARTMENTS,VAN BUREN,2023-12-31,2023,1.0,False,,2025.0,,,,,
MI0000796,MI0000796,GENERAL WHITE APARTMENTS,GENERAL WHITE APARTMENTS,VAN BUREN,2023-12-31,2023,1.0,False,,2025.0,,,,,
MI0000850,MI0000850,BRIDGMAN,BRIDGMAN,BERRIEN,2024-12-31,2024,2.0,False,,2025.0,,,,,
MI0000850,MI0000850,BRIDGMAN,BRIDGMAN,BERRIEN,2024-12-31,2024,2.0,False,,2025.0,,,,,
MI0000877,MI0000877,BRILEY TOWNSHIP,BRILEY TOWNSHIP,MONTMORENCY,2022-12-31,2022,5.0,False,,2025.0,,,,,
MI0000877,MI0000877,BRILEY TOWNSHIP,BRILEY TOWNSHIP,MONTMORENCY,2022-12-31,2022,5.0,False,,2025.0,,,,,
MI0001010,MI0001010,"BURTON, CITY OF","BURTON, CITY OF",GENESEE,2023-12-31,2023,0.0,False,,2025.0,,,,,
MI0001010,MI0001010,"BURTON, CITY OF","BURTON, CITY OF",GENESEE,2023-12-31,2023,0.0,False,,2025.0,,,,,
MI0001130,MI0001130,"CARO, CITY OF","CARO, CITY OF",TUSCOLA,2023-12-31,2023,5.0,False,6.0,2025.0,,,,,
MI0001130,MI0001130,"CARO, CITY OF","CARO, CITY OF",TUSCOLA,2023-12-31,2023,5.0,False,6.0,2025.0,,,,,
MI0001370,MI0001370,CHELSEA,CHELSEA,WASHTENAW,2023-12-31,2023,0.0,False,,2025.0,,,,,
MI0001370,MI0001370,CHELSEA,CHELSEA,WASHTENAW,2023-12-31,2023,0.0,False,,2025.0,,,,,
MI0001664,MI0001664,CROCKERY TOWNSHIP,CROCKERY TOWNSHIP,OTTAWA,2022-12-31,2022,1.0,False,,2025.0,,,,,
MI0001664,MI0001664,CROCKERY TOWNSHIP,CROCKERY TOWNSHIP,OTTAWA,2022-12-31,2022,1.0,False,,2025.0,,,,,
MI0001845,MI0001845,DORR-LEIGHTON,DORR-LEIGHTON,ALLEGAN,2023-12-31,2023,1.0,False,,2025.0,,,,,
MI0001845,MI0001845,DORR-LEIGHTON,DORR-LEIGHTON,ALLEGAN,2023-12-31,2023,1.0,False,,2025.0,,,,,
MI0002120,MI0002120,"ELSIE, VILLAGE OF","ELSIE, VILLAGE OF",CLINTON,2023-12-31,2023,0.0,False,,2025.0,,,,,
MI0002120,MI0002120,"ELSIE, VILLAGE OF","ELSIE, VILLAGE OF",CLINTON,2023-12-31,2023,0.0,False,,2025.0,,,,,
MI0002615,MI0002615,GENESEE COUNTY WATER SYSTEM,GENESEE COUNTY WATER SYSTEM,GENESEE,2024-12-31,2024,0.0,False,,2025.0,,,,,
MI0002615,MI0002615,GENESEE COUNTY WATER SYSTEM,GENESEE COUNTY WATER SYSTEM,GENESEE,2024-12-31,2024,0.0,False,,2025.0,,,,,
MI0002656,MI0002656,GLEN MEADOWS CONDOMINIUMS,GLEN MEADOWS CONDOMINIUMS,OTSEGO,2022-12-31,2022,2.0,False,,2025.0,,,,,
MI0002656,MI0002656,GLEN MEADOWS CONDOMINIUMS,GLEN MEADOWS CONDOMINIUMS,OTSEGO,2022-12-31,2022,2.0,False,,2025.0,,,,,
MI0002680,MI0002680,GOBLES,GOBLES,VAN BUREN,2024-12-31,2024,0.0,False,,2025.0,,,,,
MI0002680,MI0002680,GOBLES,GOBLES,VAN BUREN,2024-12-31,2024,0.0,False,,2025.0,,,,,
MI0002685,MI0002685,GOGEBIC RANGE WATER AUTH,GOGEBIC RANGE WATER AUTH,GOGEBIC,2022-12-31,2022,7.0,False,,2025.0,,,,,
MI0002685,MI0002685,GOGEBIC RANGE WATER AUTH,GOGEBIC RANGE WATER AUTH,GOGEBIC,2022-12-31,2022,7.0,False,,2025.0,,,,,
MI0002770,MI0002770,"GRAND LEDGE, CITY OF","GRAND LEDGE, CITY OF",EATON,2023-12-31,2023,1.0,False,,2025.0,,,,,
MI0002770,MI0002770,"GRAND LEDGE, CITY OF","GRAND LEDGE, CITY OF",EATON,2023-12-31,2023,1.0,False,,2025.0,,,,,
MI0002850,MI0002850,GREENVILLE,GREENVILLE,MONTCALM,2023-12-31,2023,9.0,False,40.0,2025.0,,,,,
MI0002850,MI0002850,GREENVILLE,GREENVILLE,MONTCALM,2023-12-31,2023,9.0,False,40.0,2025.0,,,,,
MI0002925,MI0002925,LAKE DOSTER,LAKE DOSTER,ALLEGAN,2024-12-31,2024,0.0,False,,2025.0,,,,,
MI0002925,MI0002925,LAKE DOSTER,LAKE DOSTER,ALLEGAN,2024-12-31,2024,0.0,False,,2025.0,,,,,
MI0003000,MI0003000,"HARBOR BEACH, CITY OF","HARBOR BEACH, CITY OF",HURON,2023-12-31,2023,0.0,False,3.0,2025.0,,,,,
MI0003000,MI0003000,"HARBOR BEACH, CITY OF","HARBOR BEACH, CITY OF",HURON,2023-12-31,2023,0.0,False,3.0,2025.0,,,,,
MI0003075,MI0003075,HARTLAND TOWNSHIP,HARTLAND TOWNSHIP,LIVINGSTON,2022-12-31,2022,5.0,False,,2025.0,,,,,
MI0003075,MI0003075,HARTLAND TOWNSHIP,HARTLAND TOWNSHIP,LIVINGSTON,2022-12-31,2022,5.0,False,,2025.0,,,,,
MI0003117,MI0003117,HERITAGE APARTMENTS,HERITAGE APARTMENTS,OAKLAND,2023-12-31,2023,2.0,False,,2025.0,,,,,
MI0003117,MI0003117,HERITAGE APARTMENTS,HERITAGE APARTMENTS,OAKLAND,2023-12-31,2023,2.0,False,,2025.0,,,,,
MI0003130,MI0003130,HESPERIA,HESPERIA,NEWAYGO,2023-12-31,2023,4.0,False,7.0,2025.0,,,,,
MI0003130,MI0003130,HESPERIA,HESPERIA,NEWAYGO,2023-12-31,2023,4.0,False,7.0,2025.0,,,,,
MI0003131,MI0003131,HIDDEN GLEN APARTMENTS,HIDDEN GLEN APARTMENTS,SHIAWASSEE,2023-12-31,2023,4.0,False,,2025.0,,,,,
MI0003131,MI0003131,HIDDEN GLEN APARTMENTS,HIDDEN GLEN APARTMENTS,SHIAWASSEE,2023-12-31,2023,4.0,False,,2025.0,,,,,
MI0003132,MI0003132,HIDDEN HAMLET ASSOCIATION,HIDDEN HAMLET ASSOCIATION,EMMET,2024-12-31,2024,4.0,False,,2025.0,,,,,
MI0003132,MI0003132,HIDDEN HAMLET ASSOCIATION,HIDDEN HAMLET ASSOCIATION,EMMET,2024-12-31,2024,4.0,False,,2025.0,,,,,
MI0003137,MI0003137,HIDDEN LAKES OF GREEN OAKS,HIDDEN LAKES OF GREEN OAKS,LIVINGSTON,2023-12-31,2023,7.0,False,,2025.0,,,,,
MI0003137,MI0003137,HIDDEN LAKES OF GREEN OAKS,HIDDEN LAKES OF GREEN OAKS,LIVINGSTON,2023-12-31,2023,7.0,False,,2025.0,,,,,
MI0003190,MI0003190,HOLLAND BOARD OF PUBLIC WORKS,HOLLAND BOARD OF PUBLIC WORKS,OTTAWA,2022-12-31,2022,1.0,False,113.0,2025.0,,,,,
MI0003190,MI0003190,HOLLAND BOARD OF PUBLIC WORKS,HOLLAND BOARD OF PUBLIC WORKS,OTTAWA,2022-12-31,2022,1.0,False,113.0,2025.0,,,,,
MI0003195,MI0003195,HOLLAND TOWNSHIP CONSOLIDATED,HOLLAND TOWNSHIP CONSOLIDATED,OTTAWA,2022-12-31,2022,2.0,False,2.0,2025.0,,,,,
MI0003195,MI0003195,HOLLAND TOWNSHIP CONSOLIDATED,HOLLAND TOWNSHIP CONSOLIDATED,OTTAWA,2022-12-31,2022,2.0,False,2.0,2025.0,,,,,
MI0003220,MI0003220,HOMER,HOMER,CALHOUN,2021-12-31,2021,2.0,False,,2025.0,,,,,
MI0003220,MI0003220,HOMER,HOMER,CALHOUN,2021-12-31,2021,2.0,False,,2025.0,,,,,
MI0003229,MI0003229,HORTON BAY CLUB,HORTON BAY CLUB,CHARLEVOIX,2023-12-31,2023,1.0,False,,2025.0,,,,,
MI0003229,MI0003229,HORTON BAY CLUB,HORTON BAY CLUB,CHARLEVOIX,2023-12-31,2023,1.0,False,,2025.0,,,,,
MI0003235,MI0003235,HOUGHTON CO MEMORIAL AIRPORT,HOUGHTON CO MEMORIAL AIRPORT,HOUGHTON,2022-12-31,2022,0.0,False,,2025.0,,,,,
MI0003235,MI0003235,HOUGHTON CO MEMORIAL AIRPORT,HOUGHTON CO MEMORIAL AIRPORT,HOUGHTON,2022-12-31,2022,0.0,False,,2025.0,,,,,
MI0003290,MI0003290,HUDSONVILLE,HUDSONVILLE,OTTAWA,2022-12-31,2022,0.0,False,,2025.0,,,,,
MI0003290,MI0003290,HUDSONVILLE,HUDSONVILLE,OTTAWA,2022-12-31,2022,0.0,False,,2025.0,,,,,
MI0003312,MI0003312,HIGHLAND TOWNSHIP,HIGHLAND TOWNSHIP,OAKLAND,2024-12-31,2024,0.0,False,,2025.0,,,,,
MI0003312,MI0003312,HIGHLAND TOWNSHIP,HIGHLAND TOWNSHIP,OAKLAND,2024-12-31,2024,0.0,False,,2025.0,,,,,
MI0003390,MI0003390,IRA TOWNSHIP,IRA TOWNSHIP,ST. CLAIR,2023-12-31,2023,1.0,False,,2025.0,,,,,
MI0003390,MI0003390,IRA TOWNSHIP,IRA TOWNSHIP,ST. CLAIR,2023-12-31,2023,1.0,False,,2025.0,,,,,
MI0003400,MI0003400,IRON MOUNTAIN,IRON MOUNTAIN,DICKINSON,2022-12-31,2022,9.0,False,10.0,2025.0,,,,,
MI0003400,MI0003400,IRON MOUNTAIN,IRON MOUNTAIN,DICKINSON,2022-12-31,2022,9.0,False,10.0,2025.0,,,,,
MI0003430,MI0003430,IRONWOOD TOWNSHIP,IRONWOOD TOWNSHIP,GOGEBIC,2023-12-31,2023,7.0,False,1.0,2025.0,,,,,
MI0003430,MI0003430,IRONWOOD TOWNSHIP,IRONWOOD TOWNSHIP,GOGEBIC,2023-12-31,2023,7.0,False,1.0,2025.0,,,,,
MI0003628,MI0003628,KIMBALL TOWNSHIP,KIMBALL TOWNSHIP,ST. CLAIR,2024-12-31,2024,0.0,False,,2025.0,,,,,
MI0003628,MI0003628,KIMBALL TOWNSHIP,KIMBALL TOWNSHIP,ST. CLAIR,2024-12-31,2024,0.0,False,,2025.0,,,,,
MI0003650,MI0003650,"KINGSLEY, VILLAGE OF","KINGSLEY, VILLAGE OF",GRAND TRAVERSE,2022-12-31,2022,0.0,False,,2025.0,,,,,
MI0003650,MI0003650,"KINGSLEY, VILLAGE OF","KINGSLEY, VILLAGE OF",GRAND TRAVERSE,2022-12-31,2022,0.0,False,,2025.0,,,,,
MI0003726,MI0003726,SOUTHWEST MICHIGAN REGIONAL SANITARY SEW,SOUTHWEST MICHIGAN REGIONAL SANITARY SEW,BERRIEN,2022-12-31,2022,3.0,False,,2025.0,,,,,
MI0003726,MI0003726,SOUTHWEST MICHIGAN REGIONAL SANITARY SEW,SOUTHWEST MICHIGAN REGIONAL SANITARY SEW,BERRIEN,2022-12-31,2022,3.0,False,,2025.0,,,,,
MI0003840,MI0003840,"LESLIE, CITY OF","LESLIE, CITY OF",INGHAM,2024-06-30,2024,6.0,False,21.0,2025.0,,,,,
MI0003840,MI0003840,"LESLIE, CITY OF","LESLIE, CITY OF",INGHAM,2024-06-30,2024,6.0,False,21.0,2025.0,,,,,
MI0003850,MI0003850,"LEXINGTON, VILLAGE OF","LEXINGTON, VILLAGE OF",SANILAC,2023-12-31,2023,2.0,False,,2025.0,,,,,
MI0003850,MI0003850,"LEXINGTON, VILLAGE OF","LEXINGTON, VILLAGE OF",SANILAC,2023-12-31,2023,2.0,False,,2025.0,,,,,
MI0003929,MI0003929,LIVINGSTON COMMUNITY WATER AUTHORITY,LIVINGSTON COMMUNITY WATER AUTHORITY,LIVINGSTON,2023-12-31,2023,6.0,False,,2025.0,,,,,
MI0003929,MI0003929,LIVINGSTON COMMUNITY WATER AUTHORITY,LIVINGSTON COMMUNITY WATER AUTHORITY,LIVINGSTON,2023-12-31,2023,6.0,False,,2025.0,,,,,
MI0004095,MI0004095,RIVERFRONT CONDOS OF NILES,RIVERFRONT CONDOS OF NILES,BERRIEN,2021-12-31,2021,1.0,False,,2025.0,,,,,
MI0004095,MI0004095,RIVERFRONT CONDOS OF NILES,RIVERFRONT CONDOS OF NILES,BERRIEN,2021-12-31,2021,1.0,False,,2025.0,,,,,
MI0004100,MI0004100,"MARION, VILLAGE OF","MARION, VILLAGE OF",OSCEOLA,2022-12-31,2022,0.0,False,,2025.0,,,,,
MI0004100,MI0004100,"MARION, VILLAGE OF","MARION, VILLAGE OF",OSCEOLA,2022-12-31,2022,0.0,False,,2025.0,,,,,
MI0004177,MI0004177,MATTAWAN,MATTAWAN,VAN BUREN,2024-12-31,2024,2.0,False,,2025.0,,,,,
MI0004177,MI0004177,MATTAWAN,MATTAWAN,VAN BUREN,2024-12-31,2024,2.0,False,,2025.0,,,,,
MI0004230,MI0004230,"MEMPHIS, CITY OF","MEMPHIS, CITY OF",ST. CLAIR,2022-12-31,2022,2.0,False,,2025.0,,,,,
MI0004230,MI0004230,"MEMPHIS, CITY OF","MEMPHIS, CITY OF",ST. CLAIR,2022-12-31,2022,2.0,False,,2025.0,,,,,
MI0004360,MI0004360,MIDDLEVILLE,MIDDLEVILLE,BARRY,2023-12-31,2023,3.0,False,6.0,2025.0,,,,,
MI0004360,MI0004360,MIDDLEVILLE,MIDDLEVILLE,BARRY,2023-12-31,2023,3.0,False,6.0,2025.0,,,,,
MI0004390,MI0004390,"MILFORD, VILLAGE OF","MILFORD, VILLAGE OF",OAKLAND,2023-12-31,2023,4.0,False,24.0,2025.0,,,,,
MI0004390,MI0004390,"MILFORD, VILLAGE OF","MILFORD, VILLAGE OF",OAKLAND,2023-12-31,2023,4.0,False,24.0,2025.0,,,,,
MI0004595,MI0004595,MYSTIC RIDGE L.L.C.,MYSTIC RIDGE L.L.C.,LIVINGSTON,2023-12-31,2023,2.0,False,,2025.0,,,,,
MI0004595,MI0004595,MYSTIC RIDGE L.L.C.,MYSTIC RIDGE L.L.C.,LIVINGSTON,2023-12-31,2023,2.0,False,,2025.0,,,,,
MI0004600,MI0004600,NAHMA TOWNSHIP,NAHMA TOWNSHIP,DELTA,2022-12-31,2022,1.0,False,,2025.0,,,,,
MI0004600,MI0004600,NAHMA TOWNSHIP,NAHMA TOWNSHIP,DELTA,2022-12-31,2022,1.0,False,,2025.0,,,,,
MI0004878,MI0004878,SOUTHWEST OAKLAND TOWNSHIP,SOUTHWEST OAKLAND TOWNSHIP,OAKLAND,2022-12-31,2022,0.0,False,,2025.0,,,,,
MI0004878,MI0004878,SOUTHWEST OAKLAND TOWNSHIP,SOUTHWEST OAKLAND TOWNSHIP,OAKLAND,2022-12-31,2022,0.0,False,,2025.0,,,,,
MI0005005,MI0005005,"OMER, CITY OF","OMER, CITY OF",ARENAC,2023-12-31,2023,9.0,False,,2025.0,,,,,
MI0005005,MI0005005,"OMER, CITY OF","OMER, CITY OF",ARENAC,2023-12-31,2023,9.0,False,,2025.0,,,,,
MI0005037,MI0005037,OSBORN LAKE ESTATES,OSBORN LAKE ESTATES,LIVINGSTON,2023-12-31,2023,2.0,False,,2025.0,,,,,
MI0005037,MI0005037,OSBORN LAKE ESTATES,OSBORN LAKE ESTATES,LIVINGSTON,2023-12-31,2023,2.0,False,,2025.0,,,,,
MI0005039,MI0005039,ORCHARD PLACE MANOR APARTMENTS,ORCHARD PLACE MANOR APARTMENTS,SHIAWASSEE,2023-12-31,2023,0.0,False,,2025.0,,,,,
MI0005039,MI0005039,ORCHARD PLACE MANOR APARTMENTS,ORCHARD PLACE MANOR APARTMENTS,SHIAWASSEE,2023-12-31,2023,0.0,False,,2025.0,,,,,
MI0005060,MI0005060,OTSEGO,OTSEGO,ALLEGAN,2024-06-30,2024,0.0,False,36.0,2025.0,,,,,
MI0005060,MI0005060,OTSEGO,OTSEGO,ALLEGAN,2024-06-30,2024,0.0,False,36.0,2025.0,,,,,
MI0005130,MI0005130,"OXFORD, VILLAGE OF","OXFORD, VILLAGE OF",OAKLAND,2023-12-31,2023,0.0,False,50.0,2025.0,,,,,
MI0005130,MI0005130,"OXFORD, VILLAGE OF","OXFORD, VILLAGE OF",OAKLAND,2023-12-31,2023,0.0,False,50.0,2025.0,,,,,
MI0005138,MI0005138,OXFORD TOWNSHIP,OXFORD TOWNSHIP,OAKLAND,2024-12-31,2024,2.0,False,,2025.0,,,,,
MI0005138,MI0005138,OXFORD TOWNSHIP,OXFORD TOWNSHIP,OAKLAND,2024-12-31,2024,2.0,False,,2025.0,,,,,
MI0005210,MI0005210,PAW PAW,PAW PAW,VAN BUREN,2022-12-31,2022,2.0,False,432.0,2025.0,,,,,
MI0005210,MI0005210,PAW PAW,PAW PAW,VAN BUREN,2022-12-31,2022,2.0,False,432.0,2025.0,,,,,
MI0005229,MI0005229,THE PENINSULA DEVELOPMENT LLC,THE PENINSULA DEVELOPMENT LLC,LIVINGSTON,2023-12-31,2023,1.0,False,,2025.0,,,,,
MI0005229,MI0005229,THE PENINSULA DEVELOPMENT LLC,THE PENINSULA DEVELOPMENT LLC,LIVINGSTON,2023-12-31,2023,1.0,False,,2025.0,,,,,
MI0005322,MI0005322,"PINCKNEY, VILLAGE OF","PINCKNEY, VILLAGE OF",LIVINGSTON,2023-12-31,2023,0.0,False,,2025.0,,,,,
MI0005322,MI0005322,"PINCKNEY, VILLAGE OF","PINCKNEY, VILLAGE OF",LIVINGSTON,2023-12-31,2023,0.0,False,,2025.0,,,,,
MI0005370,MI0005370,PLAINFIELD TOWNSHIP,PLAINFIELD TOWNSHIP,KENT,2022-12-31,2022,3.0,False,,2025.0,,,,,
MI0005370,MI0005370,PLAINFIELD TOWNSHIP,PLAINFIELD TOWNSHIP,KENT,2022-12-31,2022,3.0,False,,2025.0,,,,,
MI0005425,MI0005425,POINT NIPIGON RESORT,POINT NIPIGON RESORT,CHEBOYGAN,2021-12-31,2021,0.0,False,,2025.0,,,,,
MI0005425,MI0005425,POINT NIPIGON RESORT,POINT NIPIGON RESORT,CHEBOYGAN,2021-12-31,2021,0.0,False,,2025.0,,,,,
MI0005500,MI0005500,"PORT SANILAC, VILLAGE OF","PORT SANILAC, VILLAGE OF",SANILAC,2024-12-31,2024,8.0,False,,2025.0,,,,,
MI0005500,MI0005500,"PORT SANILAC, VILLAGE OF","PORT SANILAC, VILLAGE OF",SANILAC,2024-12-31,2024,8.0,False,,2025.0,,,,,
MI0005573,MI0005573,OAKLAND HUNT SUBDIVISION,OAKLAND HUNT SUBDIVISION,OAKLAND,2022-12-31,2022,0.0,False,,2025.0,,,,,
MI0005573,MI0005573,OAKLAND HUNT SUBDIVISION,OAKLAND HUNT SUBDIVISION,OAKLAND,2022-12-31,2022,0.0,False,,2025.0,,,,,
MI0005577,MI0005577,LAKESHORE VILLAGE SUBDIVISION,LAKESHORE VILLAGE SUBDIVISION,LIVINGSTON,2023-12-31,2023,4.0,False,,2025.0,,,,,
MI0005577,MI0005577,LAKESHORE VILLAGE SUBDIVISION,LAKESHORE VILLAGE SUBDIVISION,LIVINGSTON,2023-12-31,2023,4.0,False,,2025.0,,,,,
MI0005610,MI0005610,RAVENNA,RAVENNA,MUSKEGON,2023-12-31,2023,0.0,False,,2025.0,,,,,
MI0005610,MI0005610,RAVENNA,RAVENNA,MUSKEGON,2023-12-31,2023,0.0,False,,2025.0,,,,,
MI0005650,MI0005650,"REED CITY, CITY OF","REED CITY, CITY OF",OSCEOLA,2024-12-31,2024,4.0,False,100.0,2025.0,,,,,
MI0005650,MI0005650,"REED CITY, CITY OF","REED CITY, CITY OF",OSCEOLA,2024-12-31,2024,4.0,False,100.0,2025.0,,,,,
MI0005670,MI0005670,"RICHMOND, CITY OF","RICHMOND, CITY OF",MACOMB,2023-12-31,2023,0.0,False,,2025.0,,,,,
MI0005670,MI0005670,"RICHMOND, CITY OF","RICHMOND, CITY OF",MACOMB,2023-12-31,2023,0.0,False,,2025.0,,,,,
MI0005673,MI0005673,RIDGEWAY,RIDGEWAY,MACOMB,2023-12-31,2023,0.0,False,,2025.0,,,,,
MI0005673,MI0005673,RIDGEWAY,RIDGEWAY,MACOMB,2023-12-31,2023,0.0,False,,2025.0,,,,,
MI0005800,MI0005800,ROOSEVELT PARK,ROOSEVELT PARK,MUSKEGON,2024-12-31,2024,2.0,False,23.0,2025.0,,,,,
MI0005800,MI0005800,ROOSEVELT PARK,ROOSEVELT PARK,MUSKEGON,2024-12-31,2024,2.0,False,23.0,2025.0,,,,,
MI0005901,MI0005901,SALINE VALLEY FARMS,SALINE VALLEY FARMS,WASHTENAW,2022-12-31,2022,0.0,False,,2025.0,,,,,
MI0005901,MI0005901,SALINE VALLEY FARMS,SALINE VALLEY FARMS,WASHTENAW,2022-12-31,2022,0.0,False,,2025.0,,,,,
MI0005911,MI0005911,SANDY PINES,SANDY PINES,ALLEGAN,2023-12-31,2023,0.0,False,,2025.0,,,,,
MI0005911,MI0005911,SANDY PINES,SANDY PINES,ALLEGAN,2023-12-31,2023,0.0,False,,2025.0,,,,,
MI0005970,MI0005970,SCHOOLCRAFT,SCHOOLCRAFT,KALAMAZOO,2024-12-31,2024,0.0,False,21.0,2025.0,,,,,
MI0005970,MI0005970,SCHOOLCRAFT,SCHOOLCRAFT,KALAMAZOO,2024-12-31,2024,0.0,False,21.0,2025.0,,,,,
MI0005980,MI0005980,"SCOTTVILLE, CITY OF","SCOTTVILLE, CITY OF",MASON,2023-12-31,2023,0.0,False,10.0,2025.0,,,,,
MI0005980,MI0005980,"SCOTTVILLE, CITY OF","SCOTTVILLE, CITY OF",MASON,2023-12-31,2023,0.0,False,10.0,2025.0,,,,,
MI0006000,MI0006000,SHELBY,SHELBY,OCEANA,2023-12-31,2023,2.0,False,235.0,2025.0,,,,,
MI0006000,MI0006000,SHELBY,SHELBY,OCEANA,2023-12-31,2023,2.0,False,235.0,2025.0,,,,,
MI0006025,MI0006025,SHELDON DUNES,SHELDON DUNES,OTTAWA,2024-12-31,2024,3.0,False,,2025.0,,,,,
MI0006025,MI0006025,SHELDON DUNES,SHELDON DUNES,OTTAWA,2024-12-31,2024,3.0,False,,2025.0,,,,,
MI0006042,MI0006042,SHERWOOD SHORES CONDOMINIUMS,SHERWOOD SHORES CONDOMINIUMS,BERRIEN,2023-12-31,2023,1.0,False,,2025.0,,,,,
MI0006042,MI0006042,SHERWOOD SHORES CONDOMINIUMS,SHERWOOD SHORES CONDOMINIUMS,BERRIEN,2023-12-31,2023,1.0,False,,2025.0,,,,,
MI0006073,MI0006073,SIMS-WHITNEY UTILITIES AUTH.,SIMS-WHITNEY UTILITIES AUTH.,ARENAC,2022-12-31,2022,3.0,False,,2025.0,,,,,
MI0006073,MI0006073,SIMS-WHITNEY UTILITIES AUTH.,SIMS-WHITNEY UTILITIES AUTH.,ARENAC,2022-12-31,2022,3.0,False,,2025.0,,,,,
MI0006227,MI0006227,SPRING ARBOR TOWNSHIP,SPRING ARBOR TOWNSHIP,JACKSON,2023-12-31,2023,0.0,False,,,,,,,
MI0006227,MI0006227,SPRING ARBOR TOWNSHIP,SPRING ARBOR TOWNSHIP,JACKSON,2023-12-31,2023,0.0,False,,,,,,,
MI0006450,MI0006450,SUMMIT TOWNSHIP,SUMMIT TOWNSHIP,JACKSON,2023-12-31,2023,1.0,False,,2025.0,,,,,
MI0006450,MI0006450,SUMMIT TOWNSHIP,SUMMIT TOWNSHIP,JACKSON,2023-12-31,2023,1.0,False,,2025.0,,,,,
MI0006590,MI0006590,"THOMPSONVILLE, VILLAGE OF","THOMPSONVILLE, VILLAGE OF",BENZIE,2023-12-31,2023,0.0,False,,2025.0,,,,,
MI0006590,MI0006590,"THOMPSONVILLE, VILLAGE OF","THOMPSONVILLE, VILLAGE OF",BENZIE,2023-12-31,2023,0.0,False,,2025.0,,,,,
MI0006590,MI0006590,"THOMPSONVILLE, VILLAGE OF","THOMPSONVILLE, VILLAGE OF",BENZIE,2023-12-31,2023,0.0,False,,2025.0,,,,,
MI0006820,MI0006820,WOODLAND CENTER CORRECTIONAL FACILITY,WOODLAND CENTER CORRECTIONAL FACILITY,LIVINGSTON,2023-12-31,2023,1.0,False,,2025.0,,,,,
MI0006820,MI0006820,WOODLAND CENTER CORRECTIONAL FACILITY,WOODLAND CENTER CORRECTIONAL FACILITY,LIVINGSTON,2023-12-31,2023,1.0,False,,2025.0,,,,,
MI0007105,MI0007105,WILDWOOD ON WALLOON ASSOCIATION,WILDWOOD ON WALLOON ASSOCIATION,CHARLEVOIX,2024-12-31,2024,10.0,False,,2025.0,,,,,
MI0007105,MI0007105,WILDWOOD ON WALLOON ASSOCIATION,WILDWOOD ON WALLOON ASSOCIATION,CHARLEVOIX,2024-12-31,2024,10.0,False,,2025.0,,,,,
MI0007217,MI0007217,WYNSTONE SUBDIVISION,WYNSTONE SUBDIVISION,OAKLAND,2022-12-31,2022,0.0,False,,2025.0,,,,,
MI0007217,MI0007217,WYNSTONE SUBDIVISION,WYNSTONE SUBDIVISION,OAKLAND,2022-12-31,2022,0.0,False,,2025.0,,,,,
MI0040046,MI0040046,GUERNSEY LAKE MOBILE HOME COMMUNITY,GUERNSEY LAKE MOBILE HOME COMMUNITY,BARRY,2021-12-31,2021,0.0,False,,2025.0,,,,,
MI0040046,MI0040046,GUERNSEY LAKE MOBILE HOME COMMUNITY,GUERNSEY LAKE MOBILE HOME COMMUNITY,BARRY,2021-12-31,2021,0.0,False,,2025.0,,,,,
MI0040076,MI0040076,SOMERSET MOBILE HOME PARK,SOMERSET MOBILE HOME PARK,BRANCH,2023-12-31,2023,0.0,False,,2025.0,,,,,
MI0040076,MI0040076,SOMERSET MOBILE HOME PARK,SOMERSET MOBILE HOME PARK,BRANCH,2023-12-31,2023,0.0,False,,2025.0,,,,,
MI0040081,MI0040081,BELLEVUE MOBILE HOME PARK,BELLEVUE MOBILE HOME PARK,CALHOUN,2023-12-31,2023,0.0,False,,2025.0,,,,,
MI0040081,MI0040081,BELLEVUE MOBILE HOME PARK,BELLEVUE MOBILE HOME PARK,CALHOUN,2023-12-31,2023,0.0,False,,2025.0,,,,,
MI0040110,MI0040110,TOWN AND COUNTRY MHP,TOWN AND COUNTRY MHP,CHEBOYGAN,2020-12-31,2020,0.0,False,,2025.0,,,,,
MI0040110,MI0040110,TOWN AND COUNTRY MHP,TOWN AND COUNTRY MHP,CHEBOYGAN,2020-12-31,2020,0.0,False,,2025.0,,,,,
MI0040197,MI0040197,MASON MANOR,MASON MANOR,INGHAM,2024-12-31,2024,0.0,False,,2025.0,,,,,
MI0040197,MI0040197,MASON MANOR,MASON MANOR,INGHAM,2024-12-31,2024,0.0,False,,2025.0,,,,,
MI0040202,MI0040202,WILLOW VILLAGE,WILLOW VILLAGE,INGHAM,2023-12-31,2023,0.0,False,,2025.0,,,,,
MI0040202,MI0040202,WILLOW VILLAGE,WILLOW VILLAGE,INGHAM,2023-12-31,2023,0.0,False,,2025.0,,,,,
MI0040223,MI0040223,ARBOR VILLAGE,ARBOR VILLAGE,JACKSON,2022-12-31,2022,3.0,False,,2025.0,,,,,
MI0040223,MI0040223,ARBOR VILLAGE,ARBOR VILLAGE,JACKSON,2022-12-31,2022,3.0,False,,2025.0,,,,,
MI0040273,MI0040273,GREEN ACRES MOBILE HOME PARK,GREEN ACRES MOBILE HOME PARK,KENT,2023-12-31,2023,4.0,False,,2025.0,,,,,
MI0040273,MI0040273,GREEN ACRES MOBILE HOME PARK,GREEN ACRES MOBILE HOME PARK,KENT,2023-12-31,2023,4.0,False,,2025.0,,,,,
MI0040294,MI0040294,WHITE CREEK COUNTRY ESTATES,WHITE CREEK COUNTRY ESTATES,KENT,2023-12-31,2023,0.0,False,,2025.0,,,,,
MI0040294,MI0040294,WHITE CREEK COUNTRY ESTATES,WHITE CREEK COUNTRY ESTATES,KENT,2023-12-31,2023,0.0,False,,2025.0,,,,,
MI0040319,MI0040319,ALAN'S PARK - FOWLERVILLE,ALAN'S PARK - FOWLERVILLE,LIVINGSTON,2022-12-31,2022,0.0,False,,2025.0,,,,,
MI0040319,MI0040319,ALAN'S PARK - FOWLERVILLE,ALAN'S PARK - FOWLERVILLE,LIVINGSTON,2022-12-31,2022,0.0,False,,2025.0,,,,,
MI0040343,MI0040343,HAVEN VIEW MOBILE COURT,HAVEN VIEW MOBILE COURT,MECOSTA,2023-12-31,2023,2.0,False,,2025.0,,,,,
MI0040343,MI0040343,HAVEN VIEW MOBILE COURT,HAVEN VIEW MOBILE COURT,MECOSTA,2023-12-31,2023,2.0,False,,2025.0,,,,,
MI0040406,MI0040406,HYLANDER VALLEY,HYLANDER VALLEY,OCEANA,2024-12-31,2024,1.0,False,,2025.0,,,,,
MI0040406,MI0040406,HYLANDER VALLEY,HYLANDER VALLEY,OCEANA,2024-12-31,2024,1.0,False,,2025.0,,,,,
MI0040494,MI0040494,PHELPS MOBILE HOME VILLA,PHELPS MOBILE HOME VILLA,VAN BUREN,2023-12-31,2023,1.0,False,,2025.0,,,,,
MI0040494,MI0040494,PHELPS MOBILE HOME VILLA,PHELPS MOBILE HOME VILLA,VAN BUREN,2023-12-31,2023,1.0,False,,2025.0,,,,,
MI0040495,MI0040495,RUSH LAKE MHP/CAMPGROUND,RUSH LAKE MHP/CAMPGROUND,VAN BUREN,2023-12-31,2023,8.0,False,,2025.0,,,,,
MI0040495,MI0040495,RUSH LAKE MHP/CAMPGROUND,RUSH LAKE MHP/CAMPGROUND,VAN BUREN,2023-12-31,2023,8.0,False,,2025.0,,,,,
MI0040606,MI0040606,MITCHELL BROTHERS MOBILE HOME PARK,MITCHELL BROTHERS MOBILE HOME PARK,VAN BUREN,2023-12-31,2023,0.0,False,,2025.0,,,,,
MI0040606,MI0040606,MITCHELL BROTHERS MOBILE HOME PARK,MITCHELL BROTHERS MOBILE HOME PARK,VAN BUREN,2023-12-31,2023,0.0,False,,2025.0,,,,,
MI0040649,MI0040649,COVENTRY WOODS MHC,COVENTRY WOODS MHC,LIVINGSTON,2023-12-31,2023,3.0,False,,2025.0,,,,,
MI0040649,MI0040649,COVENTRY WOODS MHC,COVENTRY WOODS MHC,LIVINGSTON,2023-12-31,2023,3.0,False,,2025.0,,,,,
MI0040654,MI0040654,HARTLAND MEADOWS,HARTLAND MEADOWS,LIVINGSTON,2022-12-31,2022,0.0,False,,2025.0,,,,,
MI0040654,MI0040654,HARTLAND MEADOWS,HARTLAND MEADOWS,LIVINGSTON,2022-12-31,2022,0.0,False,,2025.0,,,,,
MI0040658,MI0040658,TYRONE WOODS,TYRONE WOODS,LIVINGSTON,2023-12-31,2023,5.0,False,,2025.0,,,,,
MI0040658,MI0040658,TYRONE WOODS,TYRONE WOODS,LIVINGSTON,2023-12-31,2023,5.0,False,,2025.0,,,,,
MI0040669,MI0040669,WOODLAND RIDGE,WOODLAND RIDGE,LIVINGSTON,2024-12-31,2024,3.0,False,,2025.0,,,,,
MI0040669,MI0040669,WOODLAND RIDGE,WOODLAND RIDGE,LIVINGSTON,2024-12-31,2024,3.0,False,,2025.0,,,,,
MI0040678,MI0040678,OAKS OF ROCKFORD,OAKS OF ROCKFORD,KENT,2023-12-31,2023,0.0,False,,2025.0,,,,,
MI0040678,MI0040678,OAKS OF ROCKFORD,OAKS OF ROCKFORD,KENT,2023-12-31,2023,0.0,False,,2025.0,,,,,
MI0066355,MI0066355,ARGENTINE CARE CENTER,ARGENTINE CARE CENTER,GENESEE,2023-12-31,2023,3.0,False,,2025.0,,,,,
MI0066355,MI0066355,ARGENTINE CARE CENTER,ARGENTINE CARE CENTER,GENESEE,2023-12-31,2023,3.0,False,,2025.0,,,,,
MI0066700,MI0066700,THE PORCHES,THE PORCHES,OTSEGO,2023-12-31,2023,0.0,False,,2025.0,,,,,
MI0066700,MI0066700,THE PORCHES,THE PORCHES,OTSEGO,2023-12-31,2023,0.0,False,,2025.0,,,,,
